Gender,Age stand,Study stand,Learning mode,Social stand,Attendance stand,Cohabitants,Previous SGPA stand,Current CPGA stand,Family income stand
Female,22,2.0,Offline,2.0,100.0,Bachelor,3.8,3.64,32500
Male,22,3.0,Offline,2.0,90.0,Bachelor,3.4,3.53,20000
Male,20,2.0,Offline,1.0,95.0,Family,3.93,3.89,30000
Male,21,1.0,Online,3.0,88.33627450980393,Family,3.1,3.5,207239
Female,21,3.0,Offline,2.0,96.0,Bachelor,3.81,3.65,30000
Male,21,1.0,Online,1.0,85.0,Bachelor,3.89,3.81,35000
Female,20,3.0,Offline,1.0,97.0,Family,3.79,3.82,50000
Male,19,2.0,Online,4.0,100.0,Family,3.55,3.48,40000
Male,21,2.0,Online,2.0,95.0,Bachelor,3.28,3.32,8000
Female,20,3.1540296924708375,Offline,3.0,99.0,Family,3.78,3.88,200000
Male,21,2.5,Offline,2.0,95.0,Family,4.0,4.0,20000
Male,20,3.1540296924708375,Offline,2.0,100.0,Family,3.9,3.9,60000
Male,21,3.0,Offline,5.0,95.0,Bachelor,3.84,3.8,23000
Male,24,2.0,Offline,4.0,70.0,Bachelor,3.31,3.52,350000
Female,20,1.0,Offline,5.0,80.0,Bachelor,3.49,3.67,40000
Male,21,4.0,Online,2.0,100.0,Bachelor,3.07,2.74,20000
Female,21,3.0,Offline,1.0,95.0,Family,3.76,3.5,92000
Male,22,3.0,Offline,3.4722805176635183,98.0,Family,2.7,2.8,35000
Male,23,6.0,Offline,3.0,100.0,Bachelor,3.84,3.1,30000
Male,19,1.0,Offline,1.0,95.0,Family,3.5,3.58,30000
Male,21,4.0,Offline,2.0,90.0,Family,3.38,3.82,40000
Female,21,2.0,Offline,3.0,100.0,Bachelor,1.89,2.69,20000
Female,19,7.0,Offline,3.0,90.0,Family,3.7,3.77,207239
Male,25,2.0,Offline,2.0,70.0,Bachelor,0.0,2.53,30000
Male,24,2.0,Offline,4.0,50.0,Bachelor,2.2,2.66,60000
Male,22,1.0,Offline,4.0,100.0,Bachelor,2.6,2.6,0
Female,22,3.1540296924708375,Offline,3.0,95.0,Family,2.7,2.91,150000
Male,23,2.0,Online,1.0,90.0,Family,2.87,2.99,30
Male,23,1.0,Offline,1.0,70.0,Family,2.7,2.92,15000
Female,23,3.1540296924708375,Offline,1.0,70.0,Bachelor,2.98,2.96,20000
Male,22,3.0,Offline,2.0,99.0,Bachelor,3.52,2.9,15000
Male,23,4.0,Offline,3.5,100.0,Bachelor,3.48,3.08,20000
Male,25,6.0,Online,2.0,25.0,Family,3.16,2.68,60000
Female,21,3.1540296924708375,Offline,1.0,87.0,Family,1.92,2.42,60000
Male,23,5.0,Offline,3.0,90.0,Bachelor,3.29,3.23,28000
Female,22,3.0,Offline,5.0,80.0,Bachelor,2.0,2.22,4000
Female,21,5.0,Offline,3.0,80.0,Bachelor,3.3,3.24,80000
Male,21,1.0,Online,3.4722805176635183,90.0,Bachelor,3.01,2.76,65000
Male,22,3.0,Offline,3.0,95.0,Bachelor,3.2,3.3,40000
Female,23,3.0,Offline,4.0,40.0,Family,2.4,2.4,60
Male,22,4.0,Offline,2.0,90.0,Family,2.16,2.75,40000
Male,21,5.0,Offline,2.0,97.0,Bachelor,0.0,2.31,50000
Female,20,2.0,Offline,3.0,80.0,Family,1.75,2.51,50000
Female,20,3.0,Offline,2.0,98.0,Family,2.6,3.201095977596741,500000
Male,20,7.0,Offline,3.4722805176635183,90.0,Bachelor,3.33,3.5,40000
Male,24,3.0,Offline,2.0,90.0,Bachelor,4.0,3.92,40000
Male,22,6.0,Offline,2.0,100.0,Family,3.25,3.25,30000
Male,22,1.0,Offline,1.0,100.0,Family,3.46,3.1,40000
Male,19,1.0,Offline,2.0,85.0,Bachelor,3.73,3.73,20000
Male,26,3.0,Online,1.0,100.0,Family,2.0,2.0,25000
Male,25,2.0,Offline,5.0,80.0,Bachelor,3.78,3.56,15000
Male,24,6.0,Offline,1.0,100.0,Family,3.42,3.02,50000
Female,21,4.0,Online,5.0,95.0,Bachelor,3.5,3.2,15000
Male,21,3.1540296924708375,Offline,3.4722805176635183,90.0,Bachelor,3.26,3.26,22000
Female,21,3.1540296924708375,Offline,3.4722805176635183,70.0,Family,3.9,3.8,25000
Female,21,2.0,Online,5.0,95.0,Family,3.7,3.68,50000
Female,22,3.1540296924708375,Offline,3.4722805176635183,100.0,Bachelor,3.82,3.65,30000
Female,21,5.0,Offline,5.0,99.0,Family,3.85,3.72,100000
Male,24,2.5,Offline,3.4722805176635183,95.0,Bachelor,3.1,2.84,20000
Female,20,2.0,Online,6.0,90.0,Bachelor,2.67,2.67,35000
Female,23,3.0,Offline,1.0,80.0,Bachelor,3.82,3.6,30000
Male,20,4.0,Offline,2.0,100.0,Family,3.72,3.72,40000
Female,21,2.0,Offline,2.0,90.0,Family,3.51,3.56,40000
Male,22,8.0,Online,4.0,90.0,Bachelor,3.48,3.35,40
Male,22,3.1540296924708375,Offline,0.3333333333333333,90.0,Bachelor,2.65,2.99,50000
Male,22,3.1540296924708375,Online,2.5,100.0,Bachelor,3.72,3.42,207239
Male,23,3.1540296924708375,Online,3.0,85.0,Bachelor,1.96,0.0,0
Female,23,2.0,Offline,1.0,95.0,Family,3.38,3.6,50000
Male,23,7.0,Online,2.5,80.0,Family,2.8,2.8,18000
Female,21,5.0,Online,4.0,100.0,Family,3.36,3.59,40
Male,25,1.0,Online,2.0,90.0,Family,2.11,2.54,80000
Male,21,1.0,Offline,6.0,100.0,Family,2.83,3.05,20000
Male,21,3.1540296924708375,Online,3.4722805176635183,88.33627450980393,Family,2.2,2.2,207239
Male,23,6.0,Offline,6.0,98.0,Family,3.2,3.22,50000
Male,26,4.0,Offline,1.0,70.0,Bachelor,2.81,3.2,12000
Male,20,5.0,Offline,2.0,100.0,Bachelor,3.48,3.48,20000
Female,20,5.0,Offline,6.0,90.0,Family,4.0,3.201095977596741,50000
Male,20,2.0,Offline,6.0,100.0,Family,4.0,4.0,0
Male,23,4.0,Offline,6.0,90.0,Bachelor,3.7,3.5,50000
Male,20,3.0,Offline,6.0,100.0,Family,2.760508706467662,3.201095977596741,25000
Female,21,4.0,Offline,5.0,90.0,Family,3.68,0.0,25000
Male,21,5.0,Offline,2.0,95.0,Bachelor,3.3,3.3,50000
Male,22,4.5,Online,2.0,88.33627450980393,Bachelor,3.85,3.1,207239
Male,21,2.0,Online,3.0,90.0,Bachelor,4.0,3.78,50000
Female,24,4.0,Offline,1.0,97.0,Family,2.98,2.91,20000
Female,22,5.0,Offline,15.0,100.0,Family,3.64,3.75,34000
Female,19,3.1540296924708375,Offline,3.4722805176635183,95.0,Bachelor,3.56,3.58,10000
Male,23,1.0,Offline,2.0,65.0,Family,1.68,3.1,30
Male,20,3.0,Online,5.0,80.0,Bachelor,2.54,2.54,40000
Male,20,3.1540296924708375,Offline,1.0,95.0,Bachelor,3.9,3.9,50000
Female,22,6.0,Offline,3.0,90.0,Family,3.84,3.77,60000
Male,22,1.0,Offline,0.3333333333333333,70.0,Bachelor,3.68,3.39,16000
Female,23,2.0,Offline,2.0,95.0,Family,3.14,3.14,40
Male,23,3.1540296924708375,Offline,4.0,95.0,Bachelor,3.69,3.23,30000
Male,26,3.0,Online,1.0,95.0,Bachelor,2.73,3.08,25000
Male,24,2.0,Online,1.0,80.0,Bachelor,3.48,3.0,207239
Male,20,5.0,Online,12.0,100.0,Family,2.61,3.201095977596741,40000
Female,19,3.1540296924708375,Offline,2.0,100.0,Bachelor,2.760508706467662,3.201095977596741,50000
Male,23,1.0,Offline,2.0,88.33627450980393,Bachelor,2.8,2.68,50
Male,23,3.1540296924708375,Offline,3.4722805176635183,90.0,Bachelor,1.52,2.15,36000
Male,22,2.0,Offline,3.5,100.0,Bachelor,3.12,3.08,25000
Male,24,5.0,Offline,1.0,90.0,Family,3.68,3.33,20000
Male,24,4.0,Online,0.5,85.0,Family,2.25,2.64,20000
Male,22,1.0,Online,0.5,90.0,Family,3.5,3.43,100000
Female,20,6.0,Offline,1.0,100.0,Family,2.760508706467662,3.201095977596741,50000
Male,19,2.0,Online,1.0,90.0,Bachelor,3.36,3.72,20000
Male,20,1.0,Offline,4.0,99.0,Family,3.83,3.83,35000
Male,22,4.0,Online,1.0,90.0,Family,1.98,2.98,25000
Female,19,3.1540296924708375,Offline,3.4722805176635183,98.0,Family,3.37,3.201095977596741,207239
Male,21,3.0,Online,3.4722805176635183,88.33627450980393,Family,2.760508706467662,3.201095977596741,207239
Male,19,5.0,Offline,3.0,88.33627450980393,Family,4.5,3.201095977596741,30000
Male,20,3.1540296924708375,Offline,1.0,100.0,Family,0.0,0.0,150
Female,20,4.0,Offline,3.0,98.0,Family,2.760508706467662,3.201095977596741,50000
Female,23,3.1540296924708375,Online,3.4722805176635183,90.0,Family,2.79,2.84,30000
Male,21,5.5,Offline,2.0,95.0,Bachelor,3.52,3.65,207239
Male,21,3.1540296924708375,Online,2.0,90.0,Family,3.85,3.79,35000
Female,23,4.0,Online,5.0,70.0,Bachelor,3.01,2.89,90000
Female,20,3.1540296924708375,Offline,3.4722805176635183,90.0,Family,3.18,3.18,80000
Male,19,5.0,Offline,5.0,100.0,Bachelor,3.72,3.89,60000
Female,21,3.1540296924708375,Online,10.0,70.0,Family,2.8,2.9,500000
Male,21,2.0,Online,3.0,90.0,Family,3.42,3.56,50000
Male,20,3.1540296924708375,Offline,3.4722805176635183,85.0,Bachelor,2.49,3.03,40000
Female,19,2.0,Offline,3.0,95.0,Family,4.59,4.67,100000
Female,22,3.0,Offline,3.4722805176635183,90.0,Family,3.86,3.67,20000
Male,20,3.5,Offline,1.0,100.0,Family,0.0,0.0,30000
Male,21,6.0,Online,3.4722805176635183,90.0,Family,3.82,3.7,50000
Male,21,2.0,Online,3.4722805176635183,75.0,Family,3.58,3.1,40000
Male,21,3.1540296924708375,Offline,2.0,98.0,Bachelor,2.57,2.8,30000
Male,22,5.0,Offline,2.0,95.0,Bachelor,3.86,3.92,40000
Male,22,3.0,Offline,3.0,80.0,Bachelor,4.0,0.0,40000
Male,23,1.0,Online,2.0,90.0,Bachelor,3.1,3.4,40
Female,21,3.1540296924708375,Offline,3.4722805176635183,100.0,Bachelor,2.760508706467662,3.201095977596741,40000
Male,20,1.0,Offline,1.0,95.0,Family,3.68,3.65,45000
Female,21,7.0,Offline,3.0,2.0,Family,3.4,3.4,40000
Male,19,8.0,Offline,2.0,100.0,Bachelor,2.760508706467662,3.201095977596741,10000
Male,20,3.1540296924708375,Offline,3.4722805176635183,70.0,Family,2.45,2.95,50000
Female,25,2.0,Offline,3.4722805176635183,80.0,Family,2.4,2.89,207239
Female,20,4.0,Offline,1.0,99.0,Family,3.47,3.2,50000
Male,21,1.0,Offline,3.4722805176635183,100.0,Bachelor,2.53,3.05,37000
Female,23,1.0,Offline,3.4722805176635183,100.0,Family,2.56,2.72,45000
Female,19,4.0,Offline,3.0,100.0,Family,2.760508706467662,3.201095977596741,100000
Male,20,2.0,Online,1.0,80.0,Family,2.36,2.56,35000
Female,20,2.0,Offline,1.0,100.0,Bachelor,2.760508706467662,3.201095977596741,400006
Male,21,1.0,Online,2.0,100.0,Family,2.760508706467662,3.201095977596741,70000
Male,22,4.0,Offline,2.0,100.0,Bachelor,2.760508706467662,3.201095977596741,20000
Female,20,2.0,Online,1.0,90.0,Bachelor,3.19,2.73,40000
Male,21,2.0,Online,1.0,88.33627450980393,Bachelor,2.760508706467662,3.201095977596741,30000
Female,22,6.0,Offline,2.0,98.0,Family,3.1,3.07,60
Male,21,3.1540296924708375,Offline,3.4722805176635183,95.0,Bachelor,3.28,3.0,70000
Female,21,1.0,Offline,2.0,100.0,Family,0.0,0.0,35000
Male,20,5.0,Offline,3.0,90.0,Bachelor,3.6,3.6,10000
Female,21,3.0,Offline,1.0,90.0,Bachelor,3.75,3.7,50000
Male,20,1.0,Online,3.0,90.0,Family,3.85,3.92,40000
Female,20,3.1540296924708375,Offline,3.4722805176635183,90.0,Family,2.68,2.68,100000
Female,21,3.0,Online,1.0,99.0,Bachelor,3.18,3.18,0
Female,24,2.0,Offline,1.0,90.0,Family,3.39,3.4,5000
Female,20,3.1540296924708375,Online,3.4722805176635183,100.0,Bachelor,2.98,3.38,60000
Female,21,9.0,Offline,3.0,97.0,Family,3.7,3.201095977596741,50000
Female,23,1.0,Offline,2.0,80.0,Family,3.25,2.95,40000
Male,19,2.0,Online,3.0,88.33627450980393,Family,3.03,3.21,30000
Female,22,2.0,Offline,3.0,95.0,Bachelor,3.1,3.18,50000
Female,21,2.0,Offline,3.0,98.0,Family,3.7,3.7,120000
Male,21,9.0,Offline,6.0,70.0,Family,4.0,4.0,30000
Male,19,1.0,Offline,2.0,85.0,Bachelor,3.18,3.45,40000000
Female,19,3.1540296924708375,Offline,3.4722805176635183,100.0,Family,3.61,3.74,40000
Male,22,2.0,Online,0.0,70.0,Family,3.01,3.22,70000
Female,21,2.0,Offline,5.0,80.0,Family,3.26,3.36,40000
Male,25,1.0,Offline,2.0,100.0,Bachelor,3.6,3.72,300000
Male,20,2.0,Offline,5.0,100.0,Bachelor,3.12,3.01,50000
Female,20,4.0,Offline,2.0,100.0,Bachelor,5.0,3.93,50000
Male,20,5.0,Online,6.0,95.0,Bachelor,3.0,3.55,150000
Male,24,1.0,Online,3.4722805176635183,88.33627450980393,Family,1.61,2.44,25000
Male,22,1.0,Online,3.0,80.0,Family,2.79,3.15,40000
Female,22,2.0,Offline,3.0,98.0,Bachelor,3.83,3.4,40000
Male,26,3.0,Online,2.0,100.0,Family,3.58,3.27,207239
Female,21,3.1540296924708375,Offline,4.0,100.0,Family,3.39,3.19,70000
Male,20,3.0,Offline,2.0,100.0,Bachelor,3.38,3.37,25000
Female,19,3.1540296924708375,Offline,1.0,100.0,Bachelor,3.03,3.15,30000
Male,20,3.0,Offline,1.0,100.0,Family,2.760508706467662,3.201095977596741,40000
Male,21,1.0,Offline,1.0,95.0,Family,3.65,3.7,40000
Female,22,3.1540296924708375,Offline,3.4722805176635183,80.0,Family,3.18,2.69,30000
Male,21,3.0,Offline,2.0,100.0,Family,3.78,3.201095977596741,30000
Male,24,1.0,Offline,4.0,70.0,Family,2.56,3.38,30000
Male,20,2.0,Offline,12.0,90.0,Family,2.94,3.1,45000
Female,19,3.1540296924708375,Offline,3.4722805176635183,100.0,Family,2.36,2.88,80000
Male,21,3.0,Online,5.0,100.0,Family,3.8,3.8,30
Male,22,0.0,Offline,15.0,80.0,Bachelor,1.53,2.43,30000
Female,21,3.1540296924708375,Online,5.0,80.0,Family,3.0,2.91,35000
Female,20,2.0,Offline,5.0,80.0,Family,2.32,2.66,40000
Male,21,6.0,Online,4.0,90.0,Bachelor,2.760508706467662,3.201095977596741,207239
Female,21,0.0,Offline,12.0,50.0,Family,3.37,3.201095977596741,0
Female,22,2.0,Offline,3.0,100.0,Bachelor,2.89,3.37,50000
Female,21,2.0,Offline,2.0,90.0,Family,3.17,3.201095977596741,40000
Female,20,2.0,Offline,5.0,100.0,Family,2.26,2.31,35000
Female,21,5.0,Offline,2.0,99.0,Bachelor,3.65,3.65,35000
Female,22,2.0,Offline,0.08333333333333333,96.0,Family,3.03,3.02,49000
Male,22,2.0,Offline,4.0,80.0,Bachelor,3.93,3.44,15000
Female,22,4.0,Offline,2.0,80.0,Family,3.0,3.09,2000000
Female,20,2.0,Offline,3.5,98.0,Family,0.0,0.0,0
Male,20,8.0,Offline,2.0,88.33627450980393,Bachelor,3.45,3.45,30000
Female,21,3.1540296924708375,Offline,3.4722805176635183,100.0,Family,2.94,3.03,207239
Male,21,8.0,Offline,1.0,100.0,Family,3.93,3.95,50000
Male,21,1.0,Online,2.0,85.0,Family,3.86,3.84,50000
Male,20,4.0,Offline,2.0,100.0,Family,2.93,2.84,30000
Male,20,5.0,Online,1.0,80.0,Bachelor,3.06,3.08,6500
Female,21,3.1540296924708375,Offline,3.4722805176635183,100.0,Family,3.92,3.94,50000
Male,21,2.0,Offline,2.0,98.0,Family,3.17,3.53,30000
Female,20,1.0,Offline,3.4722805176635183,95.0,Family,3.63,3.201095977596741,35000
Male,20,8.0,Offline,2.0,98.0,Family,3.98,3.86,20000
Female,21,6.0,Offline,2.0,97.0,Family,3.39,2.8,40000
Female,18,2.0,Online,3.0,90.0,Bachelor,3.68,3.201095977596741,40000
Male,21,5.0,Offline,4.0,90.0,Bachelor,3.83,3.83,20000
Male,22,3.0,Offline,4.0,100.0,Bachelor,3.64,3.74,50000
Male,20,2.0,Offline,1.0,100.0,Family,2.96,3.38,25000
Male,22,3.0,Offline,1.0,100.0,Bachelor,2.25,3.201095977596741,20000
Male,19,5.0,Offline,3.4722805176635183,100.0,Bachelor,3.8,3.8,20000
Female,20,1.0,Online,5.0,90.0,Family,3.49,3.5,30000
Male,21,3.1540296924708375,Offline,2.0,60.0,Family,2.11,3.0,50000
Male,20,2.0,Offline,3.4722805176635183,99.0,Family,3.42,3.42,20000
Female,23,5.0,Offline,6.0,99.0,Bachelor,3.96,3.93,12500
Male,23,7.0,Offline,3.4722805176635183,90.0,Bachelor,2.86,3.26,15000
Male,21,5.0,Offline,4.0,60.0,Bachelor,0.5,0.0,5000
Female,20,5.0,Offline,3.0,88.33627450980393,Family,3.5,3.5,20000
Male,20,1.0,Offline,2.0,88.33627450980393,Family,2.52,0.0,50000000
Male,21,3.1540296924708375,Offline,2.0,98.0,Family,3.72,3.71,60000
Female,22,5.0,Online,2.0,95.0,Family,2.8,3.35,68000
Female,21,3.1540296924708375,Offline,2.0,99.0,Family,3.98,3.99,40000
Male,20,4.0,Offline,3.0,100.0,Bachelor,3.68,3.61,40000
Male,21,1.0,Offline,5.0,90.0,Family,3.03,2.94,50000
Female,22,3.0,Offline,4.0,95.0,Family,3.34,3.18,40000
Female,21,8.0,Offline,2.0,100.0,Family,3.39,3.39,50000
Female,23,3.1540296924708375,Offline,3.4722805176635183,100.0,Family,3.78,3.55,16500
Male,24,2.0,Offline,8.0,100.0,Family,1.05,2.97,207239
Female,20,2.0,Offline,4.0,85.0,Bachelor,2.06,2.2,25
Female,20,3.0,Offline,3.4722805176635183,95.0,Family,3.67,3.201095977596741,45000
Female,19,5.0,Offline,3.0,100.0,Family,3.78,0.0,40
Female,20,1.0,Online,1.0,100.0,Family,1.63,2.61,60000
Male,21,2.0,Offline,6.0,70.0,Bachelor,3.17,3.39,40000
Female,20,2.0,Offline,2.0,100.0,Family,3.82,3.91,100000
Male,22,2.0,Offline,4.0,100.0,Bachelor,2.55,2.55,40
Male,22,2.0,Online,2.0,92.0,Family,3.79,3.89,35000
Male,20,2.0,Offline,3.0,99.0,Bachelor,5.0,4.0,20000
Female,23,3.1540296924708375,Offline,3.4722805176635183,85.0,Bachelor,3.76,3.62,33000
Male,21,5.0,Offline,4.0,100.0,Bachelor,3.74,3.91,15000
Male,20,3.1540296924708375,Offline,2.0,98.0,Bachelor,2.760508706467662,3.201095977596741,20000
Male,20,2.0,Offline,0.5,99.0,Bachelor,5.0,3.201095977596741,20
Female,21,3.1540296924708375,Offline,3.4722805176635183,100.0,Family,3.38,3.2,47500
Male,22,5.0,Offline,3.0,90.0,Bachelor,3.98,3.97,70000
Male,22,2.0,Online,1.0,95.0,Bachelor,2.1,2.1,25000
Female,21,3.0,Offline,5.0,80.0,Bachelor,2.72,2.25,60000
Female,22,3.1540296924708375,Offline,3.4722805176635183,98.0,Family,3.3,3.39,50000
Male,21,4.0,Offline,2.0,100.0,Bachelor,4.0,3.72,30000
Male,20,2.0,Offline,3.0,90.0,Bachelor,3.1,3.1,20000
Female,20,1.0,Offline,3.0,90.0,Bachelor,2.56,2.01,35000
Female,20,3.1540296924708375,Offline,3.4722805176635183,80.0,Bachelor,3.21,3.21,30
Female,19,6.0,Offline,2.0,95.0,Family,2.760508706467662,3.201095977596741,70000
Male,19,4.0,Offline,2.0,75.0,Family,3.38,3.38,15000
Female,19,3.0,Offline,2.0,100.0,Family,2.760508706467662,3.201095977596741,50000
Male,21,1.0,Offline,4.0,95.0,Bachelor,3.9,3.9,30000
Male,20,2.0,Offline,1.0,98.0,Family,3.95,3.95,50
Female,20,3.0,Offline,3.0,100.0,Family,3.03,3.03,90000
Female,23,7.0,Offline,3.4722805176635183,60.0,Bachelor,2.59,2.56,26500
Male,20,3.0,Offline,3.4722805176635183,100.0,Bachelor,0.0,0.0,30000
Female,19,3.1540296924708375,Offline,4.0,99.0,Family,3.45,3.295,25000
Male,20,1.0,Offline,4.0,85.0,Family,3.6,3.6,40000
Female,20,6.0,Online,1.0,98.0,Bachelor,3.53,3.53,40000
Female,20,3.0,Offline,2.0,99.0,Family,3.86,3.69,50000
Female,19,3.0,Offline,4.0,100.0,Family,3.48,2.4,25000
Male,21,2.0,Online,1.0,98.0,Bachelor,3.7,3.77,0
Female,20,3.0,Offline,1.0,100.0,Family,3.84,3.84,50000
Female,21,6.0,Offline,2.0,100.0,Family,3.4,3.29,55000
Male,19,4.0,Offline,2.0,90.0,Bachelor,3.43,3.43,24000
Female,21,12.0,Offline,2.0,100.0,Bachelor,3.7,3.7,30000
Male,22,4.0,Offline,3.4722805176635183,85.0,Family,3.02,3.2,20000
Male,20,2.0,Offline,3.0,90.0,Bachelor,3.48,2.98,20000
Male,20,3.1540296924708375,Offline,2.0,90.0,Bachelor,3.53,3.53,40000
Female,19,4.0,Offline,2.0,90.0,Bachelor,3.06,3.41,30000
Male,20,2.0,Offline,3.0,100.0,Bachelor,2.760508706467662,3.9,20000
Female,20,3.1540296924708375,Offline,4.0,95.0,Bachelor,2.760508706467662,3.201095977596741,50000
Female,20,3.1540296924708375,Offline,1.0,99.0,Family,3.19,3.37,40000
Female,21,4.0,Online,2.0,95.0,Bachelor,0.13125,0.13125,30000
Female,22,4.0,Offline,2.0,98.0,Bachelor,3.05,3.05,20
Female,21,3.1540296924708375,Offline,1.0,99.0,Family,4.5,4.0,80000
Female,20,4.0,Offline,3.0,98.0,Family,3.75,0.0,60
Male,22,3.0,Offline,2.0,90.0,Bachelor,3.33,3.33,20000
Male,20,4.0,Online,1.0,80.0,Bachelor,2.81,2.81,40000
Male,21,3.0,Offline,4.0,90.0,Bachelor,2.18,2.08,35000
Male,21,4.0,Offline,1.0,100.0,Family,2.760508706467662,3.201095977596741,30000
Male,23,0.0,Offline,3.0,70.0,Family,3.7,3.75,20000
Female,24,2.0,Online,1.0,90.0,Bachelor,3.62,3.0,207239
Male,20,2.0,Offline,3.4722805176635183,100.0,Family,3.18,3.18,35000
Female,21,3.0,Online,8.0,98.0,Family,3.55,3.59,1000
Male,23,4.0,Offline,2.0,100.0,Bachelor,3.58,3.75,15000
Male,22,2.0,Offline,8.0,90.0,Bachelor,3.88,3.88,10000
Male,20,2.0,Offline,10.0,90.0,Bachelor,3.0,3.0,30
Male,20,4.0,Offline,1.5,95.0,Bachelor,4.0,4.0,40000
Male,22,2.0,Online,1.0,80.0,Family,3.97,3.97,30000
Male,22,3.0,Online,1.0,75.0,Bachelor,3.79,3.69,100000
Male,22,6.0,Offline,2.0,90.0,Bachelor,2.96,2.89,50000
Male,21,5.0,Offline,2.0,88.33627450980393,Bachelor,3.77,3.86,30000
Male,25,1.5,Offline,1.0,90.0,Family,3.44,3.48,50000
Male,19,4.0,Offline,3.0,100.0,Bachelor,2.760508706467662,3.201095977596741,40000
Female,21,2.0,Online,2.0,85.0,Family,3.56,3.66,25000
Male,19,3.0,Offline,1.0,100.0,Family,3.56,3.56,40000
Female,22,5.0,Offline,2.0,88.33627450980393,Family,2.760508706467662,3.201095977596741,35000
Female,20,3.1540296924708375,Online,3.4722805176635183,97.0,Family,2.760508706467662,3.201095977596741,35000
Male,20,1.0,Online,5.0,80.0,Family,3.25,3.2,40000
Male,19,4.0,Offline,5.0,85.0,Bachelor,0.0,0.0,50000
Male,22,2.0,Offline,3.4722805176635183,80.0,Family,3.7,3.4,50000
Female,20,1.0,Offline,3.4722805176635183,100.0,Family,3.38,3.58,80000
Male,21,1.0,Online,2.0,80.0,Bachelor,3.78,3.9,40000
Female,24,5.0,Offline,3.4722805176635183,95.0,Bachelor,3.4,3.5,20000
Male,24,2.0,Offline,3.0,80.0,Family,2.58,2.93,65000
Male,21,1.0,Online,3.4722805176635183,100.0,Bachelor,3.96,3.7,25000
Female,21,3.1540296924708375,Offline,2.0,88.0,Family,3.58,3.76,40000
Male,20,2.0,Online,4.0,99.0,Bachelor,3.79,3.91,50000
Male,21,1.0,Offline,1.0,100.0,Bachelor,2.17,3.06,15000
Male,22,3.0,Offline,2.0,88.33627450980393,Bachelor,1.12,1.88,60000
Female,21,4.0,Online,1.0,99.0,Family,3.72,3.67,35000
Male,20,5.0,Offline,1.0,88.33627450980393,Family,4.55,0.0,35000
Female,22,4.0,Offline,2.0,98.0,Family,2.83,2.82,25000
Female,20,2.0,Offline,2.0,95.0,Family,3.88,3.88,35000
Female,21,3.0,Offline,3.0,97.0,Family,3.0,3.66,150000
Male,26,8.0,Online,2.0,90.0,Bachelor,2.44,2.44,20000
Male,21,3.0,Offline,1.0,98.0,Family,2.82,3.0,25000
Female,21,2.0,Offline,1.0,100.0,Family,3.9,3.9,50000
Male,21,0.08333333333333333,Online,12.0,98.0,Bachelor,3.33,3.33,0
Female,20,3.0,Offline,2.0,97.0,Bachelor,4.7,0.0,35000
Male,20,4.0,Offline,3.4722805176635183,90.0,Family,3.98,3.98,18000000
Female,21,2.0,Offline,1.0,100.0,Bachelor,3.4,3.8,60000
Male,22,3.1540296924708375,Online,2.0,70.0,Family,3.81,3.81,400000
Female,23,2.0,Offline,3.0,90.0,Family,3.97,3.97,20000
Male,20,8.0,Offline,8.0,90.0,Bachelor,3.33,3.33,30000
Female,21,3.0,Offline,3.0,70.0,Family,2.68,2.89,15000
Female,20,3.0,Online,2.5,95.0,Bachelor,3.84,3.84,30000
Female,20,2.0,Offline,1.0,75.0,Family,3.54,3.69,20000
Male,21,2.0,Offline,3.0,88.33627450980393,Bachelor,1.78,3.201095977596741,25000
Male,19,2.0,Offline,3.0,90.0,Family,2.32,2.8,35000
Male,20,3.0,Offline,3.0,90.0,Bachelor,4.0,4.0,50000
Male,22,2.0,Online,2.0,95.0,Family,2.760508706467662,3.201095977596741,207239
Male,20,5.0,Offline,0.5,90.0,Bachelor,3.8,3.8,20000
Male,22,0.0,Online,3.4722805176635183,0.0,Family,2.08,2.91,30000
Male,20,3.1540296924708375,Offline,3.4722805176635183,95.0,Bachelor,3.05,3.05,25000
Male,21,3.0,Online,5.0,90.0,Family,3.45,3.45,30
Female,19,1.0,Offline,3.0,98.0,Family,2.760508706467662,3.201095977596741,20000
Male,20,4.0,Offline,3.0,100.0,Bachelor,2.73,2.73,20000
Male,22,3.1540296924708375,Offline,2.0,80.0,Bachelor,3.2,3.29,40000
Female,20,6.0,Offline,2.0,100.0,Family,3.96,3.94,100000
Male,22,3.1540296924708375,Offline,6.0,60.0,Family,3.56,3.69,40000
Male,23,2.0,Offline,8.0,100.0,Family,0.0,0.0,40000
Female,19,2.0,Offline,1.0,100.0,Family,3.89,3.89,70000
Female,20,2.0,Offline,7.0,100.0,Family,0.0,0.0,15000
Female,26,3.1540296924708375,Offline,3.4722805176635183,50.0,Family,3.89,3.36,80
Male,20,3.0,Offline,2.0,10.0,Family,3.68,3.68,24000
Male,19,1.5,Online,3.0,100.0,Family,2.760508706467662,3.201095977596741,20000
Male,19,5.0,Offline,2.0,98.0,Family,2.93,2.93,35000
Male,20,4.0,Online,2.0,100.0,Family,3.81,3.81,50000
Female,19,3.1540296924708375,Offline,3.4722805176635183,98.0,Family,3.37,0.0,25000
Male,19,3.0,Offline,3.0,100.0,Family,3.25,3.25,207239
Male,20,3.0,Online,3.0,85.0,Family,2.89,2.89,30000
Male,22,2.0,Offline,3.0,95.0,Bachelor,1.62,1.45,40000
Male,20,2.0,Offline,4.0,98.0,Family,3.73,0.0,35000
Male,20,3.1540296924708375,Offline,1.0,90.0,Bachelor,3.18,3.201095977596741,25000
Female,22,5.0,Offline,4.0,99.0,Family,3.5,3.7,30000
Male,19,0.5,Online,2.0,90.0,Bachelor,2.9,2.9,60000
Male,18,6.0,Offline,2.0,95.0,Family,3.48,3.48,25000
Male,20,0.5,Offline,4.0,95.0,Family,3.6,3.6,25000
Male,21,2.0,Online,2.0,90.0,Bachelor,3.13,3.17,40000
Male,21,3.0,Online,2.0,90.0,Bachelor,2.760508706467662,1.42,50000
Male,19,2.0,Offline,1.0,88.33627450980393,Family,3.13,3.13,40000
Male,20,3.0,Online,2.0,100.0,Bachelor,3.85,3.85,30000
Male,21,4.0,Online,1.0,100.0,Family,3.6,3.6,32500
Female,18,2.0,Online,1.0,100.0,Family,3.54,0.0,14000
Male,20,1.0,Offline,4.0,88.33627450980393,Bachelor,3.54,3.55,207239
Male,19,3.0,Online,4.0,95.0,Bachelor,2.1,2.1,10000
Male,20,3.0,Offline,5.0,90.0,Bachelor,2.5,2.5,25000
Male,24,8.0,Offline,1.0,90.0,Bachelor,3.31,3.76,30000
Male,21,1.0,Online,4.0,80.0,Bachelor,3.75,0.0,50000
Male,21,6.0,Online,2.0,98.0,Bachelor,3.7,3.7,25000
Male,21,3.0,Online,1.0,97.0,Bachelor,3.5,0.0,33000
Female,20,3.0,Offline,4.0,90.0,Family,3.7,3.7,60000
Male,20,3.0,Offline,3.0,70.0,Bachelor,3.24,3.24,40000
Female,22,2.0,Offline,2.0,99.0,Family,2.3,2.8,60000
Female,22,2.0,Offline,3.0,70.0,Family,3.87,3.6,70000
Male,22,3.0,Offline,4.0,37.0,Family,3.24,3.5,20000
Male,19,3.1540296924708375,Offline,3.4722805176635183,85.0,Family,3.65,3.201095977596741,207239
Male,21,3.1540296924708375,Offline,3.0,80.0,Bachelor,3.52,3.5,25000
Male,20,3.0,Offline,2.0,95.0,Bachelor,2.73,2.73,21000
Male,24,3.0,Offline,1.0,90.0,Family,3.79,3.88,13000
Female,23,2.0,Offline,1.0,70.0,Bachelor,3.96,3.91,30000
Female,20,5.0,Online,2.0,90.0,Family,2.760508706467662,3.201095977596741,60000
Female,21,7.0,Offline,30.0,100.0,Family,3.4,3.4,15000
Female,22,3.1540296924708375,Online,3.4722805176635183,90.0,Family,3.49,3.39,20
Male,23,6.0,Online,1.0,100.0,Family,3.85,3.85,30000
Male,21,4.0,Offline,1.0,90.0,Family,2.02,2.4,35
Female,26,3.1540296924708375,Offline,3.4722805176635183,50.0,Family,3.89,3.38,80000
Male,22,2.0,Online,1.0,90.0,Family,3.93,3.93,55000
Female,20,5.0,Offline,2.0,99.0,Family,3.9,0.0,20000
Male,20,3.0,Offline,3.0,95.0,Bachelor,3.47,3.47,30000
Female,20,2.5,Offline,2.5,90.0,Family,3.7,3.201095977596741,30000
Male,20,3.1540296924708375,Offline,2.0,100.0,Family,3.45,0.0,20000
Male,22,3.0,Offline,2.0,98.0,Family,3.73,3.73,75000
Male,21,4.0,Online,2.0,95.0,Bachelor,3.73,3.68,35000
Female,22,3.0,Online,1.0,95.0,Bachelor,3.65,0.0,20000
Female,21,4.0,Offline,3.0,100.0,Family,3.45,3.201095977596741,35000
Male,21,4.0,Offline,3.0,100.0,Bachelor,2.58,3.201095977596741,35000
Female,20,3.1540296924708375,Online,3.4722805176635183,98.0,Bachelor,1.87,3.5,20000
Male,21,1.0,Offline,2.0,93.0,Family,0.0,0.0,40000
Female,20,4.0,Online,1.0,98.0,Family,3.96,3.99,25000
Male,22,4.0,Online,1.0,90.0,Family,3.68,3.73,207239
Male,20,5.0,Offline,10.0,50.0,Bachelor,0.35,2.3,50000
Male,22,4.0,Offline,4.0,90.0,Family,2.04,2.86,50000
Male,21,0.0,Offline,2.0,100.0,Family,3.74,3.67,30000
Female,21,3.1540296924708375,Offline,3.4722805176635183,95.0,Bachelor,3.75,3.75,200000
Female,22,2.0,Offline,1.0,90.0,Bachelor,3.3,3.26,50000
Male,23,5.0,Offline,4.0,98.0,Bachelor,3.72,3.45,25000
Male,24,4.0,Offline,3.4722805176635183,88.0,Bachelor,3.21,3.201095977596741,40000
Female,21,1.0,Offline,3.4722805176635183,100.0,Family,3.64,3.65,60000
Female,22,3.1540296924708375,Offline,5.0,90.0,Family,2.86,3.42,50000
Male,22,4.0,Offline,1.0,90.0,Family,3.78,3.88,30000
Male,24,5.0,Offline,5.0,99.0,Bachelor,2.66,2.76,50000
Female,21,2.0,Offline,3.4722805176635183,90.0,Family,3.04,2.87,100000
Male,20,3.1540296924708375,Offline,3.4722805176635183,80.0,Family,1.76,2.55,35000
Male,22,3.0,Online,2.0,98.0,Family,3.15,3.71,5000
Male,22,2.0,Offline,1.0,100.0,Bachelor,4.0,3.62,50000
Female,20,3.0,Offline,2.0,100.0,Family,3.58,3.58,45000
Male,21,6.0,Offline,3.4722805176635183,88.33627450980393,Family,3.4,3.4,30000
Male,22,2.0,Online,16.0,78.0,Family,2.44,2.77,30000
Male,22,6.0,Online,1.0,97.0,Family,3.94,3.91,40000
Male,24,0.5,Offline,0.5,80.0,Bachelor,3.0,2.85,50
Female,21,1.0,Offline,3.0,85.0,Family,3.32,3.27,50000
Male,22,2.0,Offline,3.4722805176635183,90.0,Family,2.8,2.8,30000
Female,22,3.0,Offline,3.0,99.0,Bachelor,3.39,3.33,40000
Male,20,1.0,Online,2.0,95.0,Bachelor,4.0,4.0,40
Female,26,1.0,Online,1.0,100.0,Family,3.2,3.44,40000
Female,21,2.0,Offline,2.0,88.33627450980393,Bachelor,3.31,2.9,20000
Male,23,3.1540296924708375,Online,3.4722805176635183,80.0,Family,2.96,3.06,17500
Male,20,3.0,Offline,4.5,100.0,Family,3.68,3.68,35000
Female,20,4.0,Online,6.0,100.0,Family,0.0,3.78,4000
Male,21,4.0,Offline,1.0,95.0,Bachelor,3.87,3.68,15000
Male,21,10.0,Offline,1.0,95.0,Family,2.760508706467662,2.47,40
Male,21,3.0,Offline,3.4722805176635183,100.0,Family,3.9,3.9,20000
Male,24,2.0,Online,2.0,90.0,Family,2.65,2.97,207239
Male,22,2.0,Offline,3.0,100.0,Bachelor,3.29,3.65,100
Female,20,3.1540296924708375,Online,3.4722805176635183,97.0,Family,3.14,3.62,48400
Male,24,3.1540296924708375,Offline,8.0,80.0,Family,3.15,3.39,30000
Female,21,2.0,Online,2.0,100.0,Family,3.46,3.55,80000
Female,22,1.5,Online,3.5,99.0,Family,3.32,3.17,40000
Female,21,3.5,Offline,4.0,95.0,Family,3.21,3.36,25000
Male,19,5.5,Offline,1.0,100.0,Bachelor,3.93,3.93,15000
Male,24,6.0,Offline,1.0,90.0,Family,3.94,3.76,40000
Female,22,4.0,Online,3.0,95.0,Bachelor,2.87,2.31,200000
Male,21,3.0,Offline,2.0,100.0,Bachelor,3.31,3.27,30000
Female,19,5.0,Online,1.0,99.0,Family,4.0,4.0,35000
Male,20,0.0,Offline,3.4722805176635183,100.0,Bachelor,4.6,4.6,20000
Male,20,1.0,Online,3.4722805176635183,75.0,Bachelor,2.08,2.68,50000
Female,22,6.0,Offline,3.4722805176635183,80.0,Family,2.62,2.64,5
Male,19,2.0,Offline,12.0,100.0,Bachelor,3.89,3.89,35000
Female,23,2.0,Offline,20.0,70.0,Family,2.75,2.88,70000
Male,22,5.0,Online,2.0,98.0,Family,4.0,3.97,30000
Male,22,3.0,Online,2.0,95.0,Bachelor,3.57,3.57,40000
Female,22,3.1540296924708375,Offline,2.0,98.0,Bachelor,3.19,3.41,0
Male,23,3.1540296924708375,Offline,1.0,99.0,Bachelor,3.6,3.9,21940
Female,20,6.0,Offline,6.0,85.0,Family,2.88,2.88,100000
Male,20,3.0,Offline,6.0,90.0,Bachelor,2.74,2.74,20000
Female,20,5.0,Offline,3.0,50.0,Family,1.41,2.55,10000
Female,22,5.0,Offline,3.0,100.0,Bachelor,3.42,3.32,40000000
Female,22,5.0,Offline,3.0,99.0,Bachelor,3.1,3.08,40000
Male,21,1.0,Online,3.4722805176635183,90.0,Bachelor,3.96,3.86,120000
Male,20,3.0,Online,2.0,70.0,Bachelor,3.29,3.29,37500
Female,22,3.0,Offline,3.0,100.0,Family,3.75,3.75,50000
Female,21,5.0,Offline,2.0,100.0,Bachelor,3.66,3.8,50000
Female,20,2.0,Offline,1.0,97.0,Family,2.760508706467662,3.201095977596741,45000
Male,21,3.1540296924708375,Offline,1.0,90.0,Bachelor,3.88,3.71,30000
Male,22,2.0,Online,1.0,90.0,Bachelor,4.0,3.89,30000
Male,21,2.0,Offline,2.0,90.0,Bachelor,2.760508706467662,3.201095977596741,15000
Male,25,2.0,Online,3.0,90.0,Family,2.4,2.41,25
Female,20,2.0,Offline,3.4722805176635183,90.0,Bachelor,2.760508706467662,2.67,25000
Female,22,4.0,Offline,3.0,80.0,Family,2.86,2.86,50000
Male,20,1.0,Online,2.0,80.0,Bachelor,2.63,3.07,25000
Female,21,3.0,Online,1.0,96.0,Family,3.48,3.74,20000
Male,19,1.0,Offline,4.5,99.0,Family,3.75,3.75,30000
Male,21,2.0,Offline,1.0,95.0,Family,3.94,3.88,30000
Female,21,2.0,Offline,5.0,100.0,Family,0.0,0.0,40000
Female,20,2.0,Offline,2.0,99.0,Family,4.0,4.0,207239
Female,21,2.0,Offline,2.0,80.0,Family,3.5,3.63,90000
Male,19,3.1540296924708375,Online,2.0,85.0,Family,1.91,1.75,300000
Male,20,3.1540296924708375,Offline,3.4722805176635183,90.0,Family,3.85,3.85,30000
Male,22,1.0,Offline,2.0,95.0,Bachelor,1.97,2.77,40000
Male,20,2.0,Offline,3.4722805176635183,98.0,Family,3.51,3.51,40000
Male,21,3.0,Offline,2.0,95.0,Bachelor,3.85,3.85,20
Female,20,3.0,Offline,5.0,90.0,Family,4.0,4.0,50000
Male,19,4.0,Offline,45.0,90.0,Bachelor,3.21,3.21,40000
Female,22,3.0,Offline,2.0,95.0,Family,3.15,3.65,50000
Male,21,4.0,Offline,1.0,80.0,Bachelor,3.1,3.1,20000
Male,23,3.1540296924708375,Offline,2.0,90.0,Bachelor,3.22,3.47,13500
Female,22,3.0,Offline,4.0,70.0,Family,3.52,3.77,25000
Female,20,3.1540296924708375,Offline,3.4722805176635183,85.0,Family,3.24,3.32,80000
Male,23,5.0,Offline,1.0,90.0,Bachelor,3.94,3.95,25000
Female,22,4.5,Online,7.5,80.0,Family,2.5,2.85,65000
Female,21,3.0,Offline,3.0,88.33627450980393,Bachelor,2.65,2.85,35000
Male,20,1.0,Online,6.0,80.0,Family,2.91,2.91,25000
Male,26,3.1540296924708375,Offline,3.4722805176635183,100.0,Bachelor,3.22,2.83,25000
Male,21,2.0,Offline,1.0,100.0,Family,3.67,3.48,207239
Female,21,5.0,Offline,2.0,99.0,Bachelor,4.0,4.0,30000
Male,21,0.16666666666666666,Offline,4.0,95.0,Family,3.92,3.92,35000
Male,23,6.0,Online,6.0,90.0,Bachelor,3.02,3.05,40000
Female,21,13.5,Online,1.0,100.0,Family,3.77,3.69,5000
Male,21,3.1540296924708375,Offline,3.4722805176635183,96.0,Family,3.89,3.7,85
Female,25,4.0,Offline,1.0,90.0,Family,3.06,2.86,40000
Male,21,1.0,Online,4.0,57.0,Family,3.66,3.01,45000
Female,22,3.0,Offline,3.0,100.0,Bachelor,2.15,2.54,25000
Male,24,1.0,Online,1.0,85.0,Family,3.39,3.29,40000
Female,22,3.1540296924708375,Offline,2.0,95.0,Family,3.78,3.54,60000
Male,25,6.0,Online,4.0,90.0,Family,3.51,3.51,100000
Male,22,3.1540296924708375,Offline,2.0,60.0,Bachelor,2.92,2.9,0
Female,21,5.0,Offline,3.0,90.0,Bachelor,2.13,2.45,40000
Male,22,2.0,Offline,2.0,80.0,Bachelor,3.4,2.8,35000
Female,20,3.0,Offline,2.0,98.0,Family,2.760508706467662,3.201095977596741,30000
Female,21,3.1540296924708375,Offline,1.0,80.0,Family,3.4,3.5,40000
Male,20,1.5,Offline,1.0,100.0,Family,2.59,3.01,40000
Female,21,2.0,Offline,3.4722805176635183,97.0,Family,3.78,3.77,15000
Male,20,2.0,Online,10.0,95.0,Family,1.75,3.201095977596741,30000
Male,22,0.0,Offline,2.0,100.0,Bachelor,3.4,3.65,50
Female,21,7.0,Offline,3.0,99.0,Bachelor,1.52,1.64,60000
Female,22,2.0,Offline,4.0,90.0,Family,3.66,3.37,60000
Male,20,1.0,Offline,2.0,90.0,Bachelor,3.5,3.12,25000
Female,23,3.1540296924708375,Offline,4.0,70.0,Family,3.59,3.55,50000
Male,20,4.0,Offline,3.0,100.0,Bachelor,3.03,3.03,7000
Male,23,3.1540296924708375,Offline,2.0,90.0,Bachelor,3.94,3.9,20000
Male,21,3.0,Offline,2.0,95.0,Family,4.0,3.201095977596741,40000
Female,22,3.0,Offline,4.0,97.0,Family,3.49,3.44,45000
Female,21,1.0,Online,1.0,90.0,Family,3.0,3.1,30000
Male,24,3.0,Online,0.3333333333333333,90.0,Family,3.45,3.34,19000
Male,20,2.0,Offline,4.0,90.0,Family,3.58,3.5,50000
Female,21,4.0,Online,3.0,80.0,Family,2.96,2.61,100000
Female,21,2.0,Offline,2.0,90.0,Bachelor,3.38,3.53,40000
Female,20,2.0,Offline,3.0,95.0,Bachelor,3.12,3.07,50000
Male,24,3.0,Online,1.0,98.0,Bachelor,2.86,2.88,30
Female,20,4.0,Offline,1.0,90.0,Family,3.1,3.27,45000
Male,23,1.0,Offline,1.0,95.0,Family,3.92,3.92,20000
Male,24,3.0,Offline,5.0,95.0,Family,2.76,2.64,25000
Female,22,1.0,Offline,6.0,70.0,Bachelor,3.52,3.78,207239
Male,23,3.1540296924708375,Offline,1.0,90.0,Bachelor,4.0,3.9,25000
Male,23,3.1540296924708375,Offline,3.4722805176635183,90.0,Family,3.84,3.78,0
Female,22,1.0,Offline,6.0,86.0,Family,3.44,3.46,300000
Male,21,3.0,Online,1.0,99.0,Bachelor,2.760508706467662,3.201095977596741,207239
Male,21,4.0,Offline,2.0,100.0,Bachelor,2.98,0.0,30000
Male,20,3.1540296924708375,Offline,6.0,100.0,Bachelor,3.43,3.201095977596741,25000
Male,21,9.0,Offline,3.0,90.0,Bachelor,3.98,3.98,40000
Female,26,2.0,Offline,2.0,90.0,Family,3.08,3.15,50000
Female,22,2.0,Online,2.0,100.0,Family,3.1,3.16,20000
Male,19,3.0,Offline,1.0,95.0,Family,2.37,2.46,50000
Male,20,4.0,Offline,2.0,85.0,Bachelor,5.0,3.201095977596741,30000
Male,21,1.5,Offline,2.0,90.0,Bachelor,3.58,3.58,40000
Male,22,4.0,Offline,3.4722805176635183,100.0,Bachelor,3.36,3.47,80
Female,18,3.1540296924708375,Offline,3.4722805176635183,95.0,Family,2.760508706467662,3.201095977596741,150000
Female,20,2.0,Online,1.0,95.0,Family,2.760508706467662,3.201095977596741,45000
Male,19,3.0,Offline,2.0,100.0,Bachelor,0.0,0.0,20000
Male,22,3.0,Offline,3.0,90.0,Bachelor,2.9,2.19,60000
Male,20,4.0,Offline,3.0,90.0,Bachelor,3.32,3.25,30000
Male,22,6.0,Offline,2.0,0.0,Bachelor,3.3,3.15,36000
Male,23,4.0,Offline,3.0,95.0,Bachelor,3.92,3.78,30000
Female,25,1.0,Online,12.0,80.0,Family,2.8,2.5,20000
Male,21,4.0,Online,3.4722805176635183,98.0,Bachelor,3.33,2.9,17500
Male,22,3.0,Offline,3.4722805176635183,87.0,Bachelor,3.54,3.4,30000
Male,23,5.0,Offline,2.0,98.0,Bachelor,3.66,3.81,38000
Male,24,2.0,Offline,2.0,80.0,Bachelor,3.78,3.13,15000
Male,21,5.0,Offline,3.0,99.0,Family,3.82,3.81,15000
Female,23,3.1540296924708375,Offline,1.0,95.0,Bachelor,4.0,3.93,50000
Male,19,4.0,Offline,3.4722805176635183,80.0,Bachelor,3.54,3.54,20000
Male,21,4.0,Offline,2.0,95.0,Bachelor,2.55,2.55,20000
Male,25,3.1540296924708375,Offline,3.4722805176635183,90.0,Bachelor,2.760508706467662,3.4,10970
Female,22,3.0,Online,5.0,90.0,Bachelor,3.65,3.59,30000
Female,21,3.1540296924708375,Offline,4.0,100.0,Family,3.62,3.62,30
Male,20,2.0,Offline,1.0,90.0,Family,3.7,3.45,30000
Female,21,3.1540296924708375,Online,2.0,95.0,Family,3.5,3.5,55000
Male,21,5.0,Online,3.0,100.0,Family,3.48,3.48,50000
Male,22,3.1540296924708375,Offline,3.4722805176635183,100.0,Bachelor,3.01,2.92,50000
Male,25,4.0,Offline,3.0,100.0,Family,3.86,3.56,60000
Male,23,4.0,Online,10.0,98.0,Family,3.38,3.81,15000
Female,22,5.0,Offline,2.0,90.0,Family,3.07,3.42,500000
Female,23,3.0,Offline,4.0,96.0,Family,3.59,3.56,10
Male,25,2.0,Offline,6.0,90.0,Bachelor,2.59,3.06,50000
Male,23,2.0,Offline,2.0,99.0,Bachelor,3.3,3.24,15000
Female,22,4.0,Offline,10.0,99.0,Family,3.72,3.78,207239
Male,19,3.0,Offline,2.0,100.0,Family,3.9,3.9,40000
Male,23,2.0,Offline,5.0,75.0,Bachelor,2.55,2.65,20000
Male,20,4.0,Offline,2.0,85.0,Bachelor,3.0,2.8,20000
Male,22,4.0,Online,2.0,80.0,Bachelor,2.0,2.59,25000
Female,22,3.1540296924708375,Offline,2.0,95.0,Bachelor,3.96,3.9,200000
Male,20,2.0,Offline,1.0,80.0,Bachelor,3.7,3.7,25000
Male,19,5.0,Online,7.0,90.0,Family,3.3,3.201095977596741,35000
Male,22,3.0,Offline,2.0,95.0,Bachelor,3.2,3.51,1
Male,21,5.0,Offline,3.0,90.0,Family,3.57,3.67,35000
Female,22,3.0,Offline,1.0,100.0,Family,3.37,3.11,40000
Male,21,3.1540296924708375,Offline,1.0,97.0,Bachelor,3.17,2.85,30000
Male,19,1.0,Offline,1.0,90.0,Bachelor,3.5,3.45,10000
Male,20,3.1540296924708375,Offline,1.0,90.0,Bachelor,3.78,3.78,25000
Male,25,2.0,Offline,1.0,100.0,Bachelor,3.9,3.59,40000
Male,21,4.0,Offline,4.0,50.0,Family,2.94,2.5,0
Female,21,3.0,Offline,5.5,80.0,Family,2.89,2.8,20000
Female,22,4.0,Offline,2.0,90.0,Bachelor,1.8,2.56,20000
Female,22,4.0,Online,3.0,85.0,Bachelor,2.78,3.75,30000
Female,20,1.0,Offline,2.0,100.0,Family,1.45,2.38,30000
Female,25,5.0,Online,2.0,100.0,Bachelor,2.45,3.54,34000
Male,23,6.0,Offline,4.0,80.0,Family,1.45,2.45,35000
Female,20,3.0,Offline,7.0,100.0,Family,2.0,3.19,35000
Male,24,1.0,Offline,8.0,100.0,Bachelor,2.89,3.99,36000
Female,20,2.0,Offline,8.0,70.0,Bachelor,2.88,3.75,36000
Male,20,3.0,Offline,7.0,60.0,Bachelor,1.87,2.98,37000
Male,20,1.0,Offline,3.0,54.0,Family,2.44,3.53,39000
Female,22,4.0,Offline,2.0,90.0,Family,2.8,3.65,40000
Male,21,5.0,Online,2.0,100.0,Family,2.11,3.47,40000
Male,22,4.0,Offline,3.0,87.0,Bachelor,2.37,3.49,41000
Male,23,3.0,Offline,3.0,87.0,Family,2.75,3.8,44000
Female,21,3.0,Online,4.0,100.0,Bachelor,1.98,2.91,44000
Female,20,2.0,Online,3.0,100.0,Family,2.64,3.7,44000
Male,22,5.0,Online,11.0,77.0,Bachelor,1.77,2.66,45000
Female,21,5.0,Offline,7.0,95.0,Family,2.19,2.77,45000
Male,22,5.0,Online,7.0,70.0,Bachelor,2.19,3.19,45000
Female,20,3.0,Online,9.0,86.0,Bachelor,1.98,2.98,45000
Female,20,4.0,Offline,2.0,78.0,Family,1.83,2.9,45000
Female,21,3.0,Online,9.0,100.0,Bachelor,1.87,2.82,46000
Female,25,1.0,Online,3.0,68.0,Bachelor,2.65,3.71,49000
Female,23,6.0,Offline,4.0,90.0,Family,2.19,3.45,50000
Male,24,3.0,Offline,4.0,100.0,Family,2.5,3.4,50000
Male,25,2.0,Offline,3.0,100.0,Bachelor,2.82,3.85,50000
Female,22,2.0,Online,2.0,50.0,Bachelor,1.34,2.68,50000
Female,19,1.0,Offline,4.0,78.0,Bachelor,2.68,3.79,50000
Female,22,2.0,Online,1.0,80.0,Family,1.97,2.98,52000
Female,20,5.0,Offline,3.0,100.0,Family,2.76,3.86,52000
Female,25,4.0,Offline,7.0,45.0,Family,1.72,2.79,54000
Male,21,2.0,Offline,2.0,100.0,Bachelor,2.62,3.75,55000
Female,20,2.0,Offline,2.0,87.0,Bachelor,1.51,2.59,55000
Female,22,2.0,Offline,2.0,95.0,Bachelor,1.45,2.53,55000
Male,21,2.0,Offline,4.0,100.0,Bachelor,2.16,3.24,57000
Male,21,2.0,Offline,2.0,100.0,Family,2.56,3.62,58000
Male,21,1.0,Offline,7.0,100.0,Bachelor,1.97,3.1,59000
Female,23,2.0,Offline,3.0,90.0,Family,2.33,3.31,60000
Female,20,2.0,Offline,3.0,100.0,Bachelor,1.6,2.68,60000
Male,20,4.0,Offline,6.0,80.0,Bachelor,2.11,3.22,60000
Female,20,3.0,Online,7.0,100.0,Bachelor,1.19,2.16,60000
Male,21,4.0,Online,5.0,100.0,Bachelor,2.65,3.78,61000
Male,20,2.0,Offline,2.0,100.0,Bachelor,2.67,3.7,61000
Male,24,3.0,Online,3.0,46.0,Family,2.44,3.51,64000
Male,24,3.0,Offline,3.0,75.0,Bachelor,1.65,2.68,65000
Male,20,2.0,Online,2.0,100.0,Family,2.5,3.61,65000
Female,20,4.0,Online,8.0,100.0,Family,2.07,3.39,66000
Female,20,4.0,Online,6.0,100.0,Family,1.77,2.64,66000
Male,20,3.0,Offline,5.0,90.0,Bachelor,2.11,3.21,66000
Female,21,2.0,Offline,2.0,46.0,Bachelor,2.33,3.41,66000
Female,20,3.0,Offline,3.0,100.0,Bachelor,2.77,3.84,66000
Male,21,5.0,Offline,2.0,100.0,Family,2.87,3.98,67000
Male,22,4.0,Online,7.0,100.0,Bachelor,2.19,3.43,68000
Male,22,2.0,Offline,8.0,100.0,Family,2.11,3.39,68000
Male,25,1.0,Offline,2.0,51.0,Bachelor,2.51,3.57,68000
Male,22,3.0,Online,3.0,100.0,Bachelor,2.22,3.38,68000
Female,20,2.0,Offline,2.0,34.0,Bachelor,1.86,2.91,68000
Female,22,1.0,Offline,8.0,50.0,Family,1.87,2.95,68000
Female,21,5.0,Online,3.0,87.0,Bachelor,2.88,3.91,68000
Female,23,3.0,Online,6.0,99.0,Family,1.91,3.201095977596741,70000
Female,20,3.0,Online,2.0,100.0,Family,1.81,2.9,70000
Male,20,2.0,Offline,2.0,56.0,Family,1.72,2.8,70000
Female,20,1.0,Offline,3.0,76.0,Bachelor,1.56,2.63,70000
Female,24,1.0,Offline,4.0,100.0,Family,2.23,3.39,70000
Female,21,2.0,Offline,3.0,100.0,Bachelor,2.67,3.74,70000
Female,19,4.0,Online,4.0,63.0,Bachelor,1.65,2.87,70000
Female,20,2.0,Online,6.0,90.0,Family,2.44,3.88,71000
Male,20,4.0,Offline,3.0,68.0,Family,1.56,2.63,74000
Female,21,6.0,Offline,4.0,80.0,Bachelor,2.21,3.21,75000
Male,20,1.0,Offline,3.0,100.0,Bachelor,2.61,3.68,75000
Female,24,3.0,Offline,2.0,100.0,Bachelor,2.41,3.5,76000
Male,20,4.0,Offline,2.0,100.0,Bachelor,2.73,3.8,76000
Male,22,2.0,Offline,2.0,100.0,Family,2.87,3.93,76000
Male,20,3.0,Online,3.0,100.0,Bachelor,1.56,2.66,76000
Male,25,3.0,Online,8.0,100.0,Bachelor,2.87,3.98,77000
Male,23,3.0,Online,7.0,89.0,Bachelor,1.79,2.85,77000
Male,21,7.0,Online,3.0,100.0,Family,2.88,3.93,77000
Female,22,4.0,Offline,2.0,100.0,Bachelor,2.78,3.84,77000
Female,22,1.0,Online,4.0,98.0,Family,2.36,3.19,77000
Female,21,3.0,Offline,4.0,100.0,Family,2.03,3.15,78000
Female,25,5.0,Offline,1.0,78.0,Bachelor,2.83,3.9,79000
Female,20,5.0,Offline,4.0,100.0,Family,2.44,3.78,79000
Male,20,5.0,Offline,5.0,50.0,Family,1.66,2.99,79000
Male,21,6.0,Offline,3.0,80.0,Family,2.54,3.76,80000
Female,22,2.0,Online,4.0,99.0,Family,2.79,3.59,80000
Male,20,2.0,Offline,6.0,77.0,Bachelor,1.55,2.67,80000
Male,21,4.0,Offline,2.0,100.0,Family,1.25,2.57,80000
Female,20,4.0,Offline,2.0,100.0,Bachelor,2.56,3.61,80000
Male,20,3.0,Offline,3.0,100.0,Family,2.64,3.7,81000
Male,20,4.0,Offline,7.0,78.0,Family,1.45,2.67,82000
Male,21,3.0,Offline,3.0,70.0,Bachelor,1.56,2.87,85000
Female,21,6.0,Offline,5.0,70.0,Family,2.1,3.37,85000
Female,20,2.0,Online,3.0,60.0,Family,2.1,3.28,85000
Female,20,2.0,Online,2.0,100.0,Family,1.54,2.64,86000
Male,24,1.0,Offline,2.0,80.0,Family,2.39,3.43,87000
Female,21,4.0,Online,2.0,80.0,Family,2.51,3.87,87000
Male,21,2.0,Offline,1.0,79.0,Bachelor,2.81,3.89,87000
Female,20,2.0,Offline,2.0,88.0,Bachelor,2.45,3.54,88000
Male,20,3.0,Offline,3.0,100.0,Family,2.66,3.72,88000
Female,21,6.0,Offline,4.0,80.0,Family,2.04,3.23,89000
Male,21,4.0,Online,6.0,100.0,Bachelor,2.29,3.56,89000
Male,20,4.0,Offline,7.0,88.0,Family,2.55,3.77,89000
Male,22,4.0,Offline,2.0,100.0,Bachelor,2.9,3.89,90000
Male,25,3.0,Offline,3.0,100.0,Bachelor,2.34,3.42,90000
Male,21,4.0,Online,4.0,100.0,Family,2.08,3.11,90000
Female,20,3.0,Online,10.0,100.0,Family,2.51,3.5,90000
Female,21,3.0,Online,8.0,100.0,Family,2.13,3.33,90000
Male,25,2.0,Offline,2.0,35.0,Bachelor,1.43,2.56,91000
Female,20,2.0,Offline,3.0,100.0,Family,1.26,2.33,93000
Female,20,2.0,Offline,3.0,56.0,Bachelor,1.56,2.6,95000
Male,23,2.0,Offline,1.0,100.0,Bachelor,1.75,2.81,98000
Male,25,2.0,Offline,7.0,100.0,Family,1.76,2.87,100000
Male,21,6.0,Online,4.0,100.0,Bachelor,1.34,2.53,100000
Male,21,5.0,Offline,4.0,100.0,Bachelor,2.91,3.95,100000
Male,22,2.0,Online,2.0,45.0,Family,2.46,3.52,100000
Female,20,3.0,Offline,7.0,70.0,Bachelor,1.67,2.98,100000
Female,20,2.0,Offline,2.0,100.0,Family,2.66,4.0,100000
Male,24,1.0,Online,3.0,65.0,Family,2.65,3.68,110000
Male,20,2.0,Offline,5.0,100.0,Family,2.8,3.91,110000
Female,20,5.0,Offline,6.0,100.0,Family,1.46,2.67,110000
Female,21,2.0,Offline,2.0,89.0,Bachelor,1.67,2.73,110000
Male,21,3.0,Offline,2.0,78.0,Family,2.56,3.66,115000
Female,19,1.0,Online,5.0,100.0,Family,2.67,3.78,115000
Female,20,2.0,Offline,1.0,41.0,Bachelor,2.56,3.61,116000
Male,25,2.0,Offline,2.0,86.0,Bachelor,2.67,3.75,117000
Male,20,3.0,Offline,2.0,100.0,Bachelor,2.46,3.55,120000
Male,24,1.0,Offline,3.0,83.0,Family,1.44,2.65,123000
Female,24,3.0,Offline,1.0,100.0,Bachelor,2.53,3.62,128000
Female,25,2.0,Offline,5.0,100.0,Family,2.79,3.88,130000
Female,20,3.0,Offline,3.0,100.0,Family,2.75,3.82,130000
Male,21,1.0,Offline,2.0,100.0,Family,1.68,2.73,130000
Female,20,4.0,Online,2.0,77.0,Family,1.67,2.77,130000
Male,20,2.0,Offline,3.0,84.0,Bachelor,1.76,2.8,134000
Female,25,4.0,Online,4.0,100.0,Bachelor,2.88,3.9,135000
Male,20,2.0,Offline,3.0,100.0,Bachelor,2.54,3.61,135000
Female,22,4.0,Offline,1.0,100.0,Family,1.76,2.82,135000
Male,21,3.0,Offline,2.0,100.0,Family,2.54,3.64,135000
Male,25,3.0,Offline,2.0,100.0,Family,1.54,2.68,144000
Female,21,2.0,Offline,2.0,35.0,Bachelor,1.46,2.5,144000
Male,22,6.0,Offline,7.0,100.0,Family,2.91,3.97,150000
Female,20,3.0,Online,3.0,100.0,Bachelor,1.8,2.89,155000
Female,20,5.0,Offline,3.0,100.0,Bachelor,2.78,3.8,158000
Female,21,3.0,Offline,8.0,67.0,Family,1.65,2.56,165000
Female,22,2.0,Offline,4.0,100.0,Family,2.32,3.87,170000
Female,25,3.0,Online,1.0,35.0,Bachelor,1.57,2.63,170000
Female,20,3.0,Offline,3.0,100.0,Family,2.85,3.93,190000
Male,21,3.0,Offline,1.0,68.0,Family,2.74,3.84,190000
Female,22,3.0,Offline,7.0,100.0,Bachelor,2.13,3.03,235000
Female,20,6.0,Offline,1.0,100.0,Family,2.91,3.91,250000
Female,25,3.0,Offline,2.0,100.0,Bachelor,1.43,2.49,255000
Male,25,2.0,Offline,5.0,86.0,Family,1.98,2.89,300000
Male,23,1.0,Offline,5.0,100.0,Family,2.91,3.89,10000
Female,22,2.0,Offline,3.0,95.0,Family,2.5,3.48,25000
Female,21,5.0,Offline,5.0,100.0,Family,2.85,3.65,25000
Female,24,5.0,Offline,6.0,90.0,Family,2.2,3.5,28000
Male,25,3.0,Online,5.0,99.0,Bachelor,2.48,3.48,30000
Female,23,4.0,Offline,3.0,98.0,Bachelor,2.87,3.93,30000
Male,22,2.0,Offline,4.0,99.0,Family,2.56,3.35,30000
Female,20,4.0,Offline,7.0,100.0,Family,2.31,3.45,30000
Male,25,3.0,Offline,3.0,100.0,Family,2.45,3.56,32000
Female,19,4.0,Online,5.0,90.0,Family,2.09,3.34,34000
Female,20,2.0,Online,3.0,72.0,Family,2.67,3.77,37000
Male,21,1.0,Offline,3.0,42.0,Bachelor,1.89,2.97,37000
Female,20,2.0,Online,3.0,68.0,Family,2.67,3.74,38000
Female,22,2.0,Offline,2.0,47.0,Bachelor,2.74,3.8,39000
Female,22,3.0,Online,8.0,90.0,Family,1.61,2.88,40000
Female,24,4.0,Offline,2.0,86.0,Bachelor,2.54,3.63,40000
Male,21,2.0,Offline,3.0,79.0,Bachelor,1.46,2.55,40000
Male,20,2.0,Offline,2.0,100.0,Bachelor,2.65,3.79,40000
Female,21,3.0,Online,3.0,46.0,Bachelor,1.88,2.92,42000
Female,21,2.0,Offline,3.0,78.0,Family,2.77,3.8,42000
Male,20,4.0,Online,6.0,90.0,Bachelor,1.98,2.97,45000
Male,22,2.0,Online,3.0,23.0,Bachelor,1.81,2.88,45000
Female,20,2.0,Offline,3.0,55.0,Bachelor,2.87,3.9,46000
Male,20,1.0,Offline,4.0,100.0,Family,1.76,2.67,46000
Female,21,3.0,Offline,2.0,32.0,Bachelor,2.34,3.4,47000
Female,20,5.0,Offline,5.0,100.0,Bachelor,2.07,3.28,48000
Male,23,2.0,Online,2.0,89.0,Family,2.45,3.51,48000
Male,20,1.0,Offline,3.0,68.0,Bachelor,2.66,3.79,48000
Female,23,5.0,Offline,2.0,100.0,Family,2.77,3.85,49000
Female,21,5.0,Online,3.0,100.0,Family,2.63,3.7,49000
Male,23,3.0,Online,2.0,80.0,Family,2.81,3.79,50000
Female,21,2.0,Offline,3.0,100.0,Family,2.44,3.44,50000
Male,23,1.0,Online,5.0,70.0,Family,2.5,3.22,50000
Female,21,5.0,Offline,6.0,100.0,Family,2.55,3.8,50000
Female,20,3.0,Offline,5.0,100.0,Family,2.22,3.35,50000
Female,20,3.0,Offline,3.0,100.0,Family,2.56,3.64,53000
Female,23,3.0,Offline,7.0,100.0,Family,1.99,3.0,55000
Female,24,3.0,Offline,2.0,34.0,Family,1.56,2.62,55000
Female,21,4.0,Offline,2.0,79.0,Bachelor,2.67,3.77,55000
Female,20,4.0,Offline,6.0,100.0,Family,2.31,3.44,55000
Male,24,2.0,Offline,3.0,76.0,Family,1.26,2.37,56000
Female,25,1.0,Online,4.0,66.0,Family,1.55,2.78,57000
Female,20,2.0,Offline,2.0,100.0,Bachelor,2.64,3.71,59000
Male,20,1.0,Offline,2.0,100.0,Bachelor,2.76,3.81,59000
Male,25,4.0,Offline,7.0,88.0,Bachelor,1.62,2.45,60000
Female,23,2.0,Online,4.0,80.0,Family,2.88,3.6,60
Female,23,3.0,Offline,6.0,90.0,Family,2.61,3.57,60000
Female,23,1.0,Offline,2.0,100.0,Family,2.85,3.79,60000
Male,23,1.0,Offline,10.0,100.0,Family,2.19,3.7,60000
Female,22,5.0,Offline,4.0,60.0,Bachelor,1.9,2.81,60000
Female,21,5.0,Online,7.0,75.0,Bachelor,1.89,3.08,60000
Female,21,6.0,Offline,10.0,100.0,Bachelor,2.77,3.81,60000
Male,22,1.0,Offline,8.0,95.0,Family,1.4,2.95,60000
Female,20,5.0,Offline,4.0,50.0,Bachelor,1.76,2.87,60000
Female,20,5.0,Offline,2.0,100.0,Family,2.66,3.83,60000
Male,20,2.0,Offline,2.0,35.0,Family,1.56,2.62,62000
Female,20,3.0,Offline,3.0,100.0,Family,2.87,3.91,62000
Male,24,2.0,Offline,7.0,87.0,Bachelor,2.09,3.23,64000
Female,20,4.0,Online,2.0,86.0,Bachelor,1.56,2.66,64000
Female,21,7.0,Offline,3.0,100.0,Family,2.78,3.89,65000
Male,20,1.0,Offline,2.0,67.0,Family,2.45,3.51,65000
Female,19,3.0,Offline,3.0,95.0,Bachelor,2.78,3.89,65000
Male,24,5.0,Offline,3.0,100.0,Bachelor,1.67,2.73,66000
Male,22,2.0,Offline,9.0,100.0,Bachelor,1.55,2.68,66000
Female,19,2.0,Online,10.0,77.0,Family,1.87,2.88,66000
Male,21,4.0,Offline,2.0,85.0,Bachelor,1.56,2.63,66000
Female,23,2.0,Online,6.0,100.0,Family,2.7,3.5,67000
Female,20,2.0,Offline,2.0,89.0,Family,2.76,3.8,67000
Male,22,2.0,Offline,3.0,68.0,Bachelor,1.45,2.56,67000
Male,20,5.0,Online,6.0,90.0,Family,1.55,2.76,68000
Male,20,2.0,Offline,2.0,87.0,Bachelor,2.67,3.73,68000
Female,21,2.0,Offline,3.0,86.0,Bachelor,2.86,3.9,68000
Female,22,4.0,Offline,2.0,80.0,Family,2.03,3.25,70000
Female,22,4.0,Offline,7.0,95.0,Family,2.31,3.65,70000
Female,22,4.0,Offline,3.0,100.0,Bachelor,2.66,3.78,70000
Female,20,6.0,Online,3.0,100.0,Family,2.11,3.26,70000
Male,19,3.0,Offline,3.0,100.0,Family,1.67,2.7,70000
Male,23,3.0,Offline,5.0,97.0,Bachelor,2.4,3.44,71000
Female,21,3.0,Online,10.0,30.0,Family,1.55,2.81,73000
Female,20,5.0,Online,9.0,90.0,Bachelor,2.55,3.59,73000
Male,20,1.0,Offline,3.0,87.0,Family,2.45,3.56,74000
Male,21,6.0,Offline,2.0,100.0,Bachelor,2.77,3.87,75000
Female,20,3.0,Offline,3.0,100.0,Bachelor,2.53,3.6,75000
Female,19,3.0,Online,3.0,43.0,Bachelor,1.65,2.71,75000
Female,19,3.0,Online,9.0,70.0,Bachelor,2.32,3.68,77000
Female,20,1.0,Offline,2.0,76.0,Family,2.61,3.7,77000
Male,20,2.0,Online,3.0,54.0,Family,1.55,2.61,77000
Male,19,4.0,Online,8.0,100.0,Family,2.23,3.67,77000
Male,25,1.0,Online,3.0,60.0,Bachelor,2.45,3.34,78000
Female,22,1.0,Online,3.0,90.0,Family,2.11,3.56,78000
Male,24,3.0,Offline,5.0,77.0,Bachelor,1.59,2.62,78000
Male,25,5.0,Offline,3.0,100.0,Family,2.56,3.67,78000
Male,20,6.0,Online,3.0,100.0,Bachelor,2.76,3.77,78000
Male,21,2.0,Offline,3.0,100.0,Bachelor,2.76,3.8,78000
Male,20,3.0,Offline,2.0,100.0,Bachelor,2.61,3.7,79000
Female,20,1.0,Offline,3.0,100.0,Family,2.75,3.86,79000
Male,21,2.0,Offline,3.0,90.0,Family,1.98,3.201095977596741,80000
Male,20,6.0,Offline,3.0,100.0,Family,2.77,3.87,80000
Male,21,2.0,Offline,5.0,78.0,Family,1.79,2.82,80000
Female,21,3.0,Online,2.0,100.0,Bachelor,1.88,2.91,80000
Male,21,3.0,Online,7.0,71.0,Bachelor,2.38,3.49,81000
Male,20,4.0,Online,5.0,100.0,Bachelor,2.08,3.21,83000
Female,21,5.0,Online,7.0,70.0,Family,1.89,3.4,86000
Male,20,2.0,Online,5.0,31.0,Family,1.21,2.47,87000
Male,20,3.0,Offline,6.0,60.0,Bachelor,1.81,2.86,87000
Male,20,5.0,Offline,8.0,100.0,Bachelor,2.45,3.68,87000
Male,25,2.0,Offline,2.0,100.0,Family,1.56,2.66,88000
Female,25,3.0,Offline,3.0,100.0,Bachelor,1.6,2.68,88000
Female,20,3.0,Online,3.0,56.0,Bachelor,1.81,2.89,88000
Female,20,3.0,Offline,2.0,100.0,Family,1.76,2.81,88000
Female,21,2.0,Offline,2.0,86.0,Bachelor,1.57,2.65,89000
Male,24,3.0,Offline,5.0,100.0,Bachelor,2.05,3.45,90000
Male,20,3.0,Offline,1.0,67.0,Family,2.38,3.47,90000
Female,20,2.0,Offline,2.0,100.0,Family,2.67,3.73,90000
Male,22,3.0,Offline,2.0,100.0,Bachelor,1.56,2.67,90000
Male,24,3.0,Online,2.0,70.0,Family,1.89,3.18,95000
Female,20,4.0,Offline,6.0,100.0,Family,2.76,3.88,95000
Male,20,5.0,Offline,2.0,76.0,Bachelor,2.7,3.87,97000
Male,20,1.0,Online,2.0,78.0,Family,1.81,2.84,98000
Male,24,2.0,Offline,8.0,98.0,Family,2.53,3.36,100000
Female,23,2.0,Offline,7.0,90.0,Bachelor,2.54,3.57,100000
Female,22,4.0,Offline,4.0,80.0,Family,2.45,3.5,100000
Female,21,8.0,Offline,2.0,100.0,Family,2.91,4.0,100000
Male,20,1.0,Offline,2.0,54.0,Family,2.67,3.77,100000
Female,22,5.0,Offline,8.0,77.0,Bachelor,2.33,3.88,110000
Male,24,1.0,Online,3.0,100.0,Family,2.87,3.91,110000
Female,20,4.0,Online,9.0,100.0,Bachelor,2.09,3.23,110000
Female,25,3.0,Online,3.0,77.0,Family,1.67,2.73,112000
Female,20,1.0,Online,10.0,45.0,Family,1.15,2.39,112000
Female,21,2.0,Offline,3.0,100.0,Family,2.56,3.64,113000
Male,20,3.0,Offline,3.0,100.0,Bachelor,1.99,2.94,120000
Female,19,6.0,Offline,4.0,100.0,Bachelor,2.78,3.8,120000
Male,20,3.0,Offline,3.0,100.0,Bachelor,1.46,2.51,122000
Male,20,2.0,Offline,2.0,64.0,Bachelor,2.67,3.78,127000
Male,21,5.0,Online,7.0,100.0,Bachelor,2.32,3.78,130000
Female,21,4.0,Offline,7.0,79.0,Family,2.22,3.41,133000
Female,20,4.0,Offline,7.0,80.0,Bachelor,1.88,2.97,140000
Male,20,2.0,Online,3.0,73.0,Bachelor,1.45,2.52,140000
Male,25,3.0,Offline,2.0,87.0,Family,1.54,2.62,144000
Male,20,3.0,Offline,3.0,100.0,Family,2.78,3.86,145000
Male,21,2.0,Offline,3.0,80.0,Bachelor,2.1,3.41,150000
Male,24,2.0,Offline,2.0,100.0,Family,2.57,3.63,150000
Female,19,5.0,Offline,4.0,100.0,Family,2.44,3.59,155000
Male,23,3.0,Online,2.0,78.0,Family,1.67,2.77,160000
Female,21,3.0,Online,5.0,100.0,Bachelor,1.55,2.61,165000
Female,20,2.0,Offline,2.0,100.0,Family,2.34,3.42,165000
Male,20,2.0,Offline,6.0,80.0,Family,1.54,2.95,169000
Male,21,4.0,Offline,5.0,70.0,Family,2.0,3.03,170000
Female,21,2.0,Online,10.0,50.0,Family,1.35,2.66,200000
Female,20,6.0,Offline,3.0,100.0,Family,2.64,3.34,200000
Female,22,3.0,Offline,8.0,50.0,Bachelor,1.7,3.0,200000
Female,22,3.0,Online,7.0,88.0,Family,2.9,3.93,200000
Female,21,5.0,Offline,6.0,80.0,Bachelor,1.9,3.1,200000
Male,22,3.0,Offline,9.0,75.0,Bachelor,2.01,3.08,250000
Female,20,5.0,Offline,2.0,100.0,Family,2.33,3.89,277000
Male,20,6.0,Online,4.0,70.0,Family,1.6,2.9,20000
Male,23,4.0,Online,3.0,96.0,Family,2.67,3.4,30000
Male,21,2.0,Online,1.0,95.0,Bachelor,1.05,2.8,30
Female,21,2.0,Offline,3.0,100.0,Bachelor,1.47,2.54,32000
Male,23,7.0,Offline,1.0,100.0,Bachelor,1.58,1.42,35000
Male,23,6.0,Offline,4.0,90.0,Bachelor,2.45,2.39,35000
Male,19,3.0,Online,2.0,89.0,Family,1.87,2.8,35000
Male,21,3.0,Online,8.0,70.0,Family,2.33,3.47,37000
Male,24,1.0,Offline,2.0,100.0,Bachelor,2.9,3.92,37000
Female,19,3.0,Offline,5.0,60.0,Bachelor,1.78,2.63,37000
Female,21,4.0,Offline,7.0,100.0,Family,2.77,3.91,38000
Female,22,4.0,Offline,5.0,100.0,Family,1.98,3.03,39000
Male,23,5.0,Online,11.0,35.0,Bachelor,1.43,2.65,40000
Male,20,5.0,Offline,3.0,100.0,Family,2.77,3.96,42000
Female,20,2.0,Online,3.0,43.0,Family,2.81,3.9,43000
Female,21,3.0,Online,3.0,70.0,Bachelor,2.1,3.2,45000
Female,25,2.0,Offline,2.0,67.0,Bachelor,1.87,2.92,45000
Female,22,1.0,Offline,7.0,100.0,Family,2.58,3.74,45000
Female,22,3.0,Offline,7.0,80.0,Bachelor,1.77,2.82,45000
Male,24,3.0,Offline,7.0,88.0,Family,2.16,3.33,46000
Female,23,1.0,Offline,2.0,100.0,Family,2.53,3.81,50000
Male,23,3.0,Offline,3.0,98.0,Family,2.75,3.64,50000
Female,20,3.0,Online,7.0,70.0,Family,2.01,3.15,50000
Female,20,6.0,Online,3.0,76.0,Family,2.77,3.8,50000
Female,22,3.0,Online,11.0,80.0,Bachelor,2.04,3.16,51000
Male,20,5.0,Online,4.0,55.0,Family,2.01,3.13,51000
Female,20,3.0,Online,3.0,24.0,Bachelor,1.87,2.93,52000
Male,24,6.0,Offline,3.0,100.0,Family,2.02,3.11,53000
Male,21,4.0,Offline,6.0,70.0,Bachelor,1.98,2.97,53000
Male,21,3.0,Online,5.0,100.0,Family,2.56,3.79,55000
Male,23,3.0,Online,2.0,100.0,Family,1.54,2.66,55000
Male,23,3.0,Offline,1.0,100.0,Bachelor,1.56,2.65,55000
Female,20,3.0,Offline,3.0,30.0,Family,1.88,2.98,55000
Male,22,1.0,Offline,2.0,100.0,Bachelor,2.76,3.8,55000
Female,20,3.0,Offline,2.0,85.0,Bachelor,1.56,2.97,55000
Female,21,1.0,Online,9.0,57.0,Bachelor,1.24,2.35,56000
Female,21,5.0,Online,4.0,90.0,Family,1.95,2.92,58000
Female,21,1.0,Offline,2.0,50.0,Family,1.65,2.7,59000
Female,24,3.0,Online,8.0,89.0,Family,1.11,2.35,60000
Female,24,1.0,Offline,8.0,70.0,Bachelor,1.71,2.82,60000
Male,23,4.0,Online,5.0,95.0,Bachelor,1.33,2.99,60000
Female,20,2.0,Offline,3.0,100.0,Bachelor,2.56,3.63,60000
Male,22,4.0,Offline,3.0,100.0,Bachelor,2.81,3.97,60000
Female,21,2.0,Offline,1.0,100.0,Bachelor,2.73,3.81,61000
Female,19,7.0,Offline,3.0,89.0,Family,1.88,2.9,64000
Male,23,2.0,Online,3.0,90.0,Family,2.33,3.68,65000
Male,24,3.0,Online,5.0,100.0,Bachelor,2.22,3.45,66000
Male,20,2.0,Offline,3.0,45.0,Bachelor,1.45,2.53,66000
Female,20,4.0,Online,3.0,100.0,Bachelor,1.76,2.82,66000
Female,20,5.0,Offline,3.0,100.0,Family,2.66,3.79,67000
Female,25,2.0,Offline,2.0,43.0,Bachelor,2.55,3.6,68000
Female,21,4.0,Offline,3.0,87.0,Family,2.71,3.78,68000
Female,20,3.0,Offline,8.0,88.0,Bachelor,2.22,3.19,68000
Male,21,1.0,Online,7.0,80.0,Bachelor,1.95,2.88,68000
Female,22,2.0,Online,1.0,100.0,Family,2.77,3.56,70000
Male,21,7.0,Offline,2.0,100.0,Bachelor,2.75,3.93,70000
Female,21,6.0,Offline,6.0,100.0,Bachelor,2.61,3.78,70000
Female,22,6.0,Online,4.0,30.0,Family,1.35,2.65,70000
Male,20,1.0,Offline,2.0,87.0,Bachelor,2.44,3.56,70000
Female,20,4.0,Offline,2.0,100.0,Bachelor,1.56,2.64,70000
Female,20,3.0,Offline,2.0,100.0,Bachelor,1.76,2.84,70000
Female,20,5.0,Offline,6.0,70.0,Family,1.9,3.13,71000
Male,21,4.0,Offline,6.0,100.0,Family,1.99,3.05,71000
Female,21,1.0,Offline,2.0,56.0,Family,2.43,3.55,71000
Female,23,5.0,Offline,2.0,91.0,Bachelor,1.67,2.74,74000
Female,20,4.0,Offline,2.0,100.0,Family,2.78,3.83,74000
Male,22,3.0,Offline,6.0,100.0,Bachelor,1.81,2.95,75000
Male,20,7.0,Offline,2.0,100.0,Family,2.91,3.97,75000
Male,19,3.0,Online,5.0,100.0,Bachelor,2.65,3.57,75000
Male,24,4.0,Online,6.0,77.0,Family,2.23,3.65,76000
Female,21,3.0,Online,6.0,86.0,Family,2.13,3.28,77000
Male,23,5.0,Offline,5.0,100.0,Family,2.66,3.85,77000
Female,20,3.0,Online,3.0,100.0,Family,2.87,3.9,77000
Female,20,2.0,Online,3.0,67.0,Bachelor,2.65,3.75,77000
Female,22,2.0,Online,1.0,100.0,Family,1.38,2.51,77000
Male,25,5.0,Online,12.0,100.0,Family,2.19,3.45,78000
Female,20,3.0,Offline,6.0,80.0,Family,2.11,3.46,78000
Female,25,1.0,Offline,2.0,67.0,Family,1.78,2.8,78000
Female,19,3.0,Offline,5.0,100.0,Bachelor,2.45,3.76,78000
Male,20,2.0,Offline,2.0,100.0,Family,2.67,3.7,79000
Male,21,3.0,Online,2.0,100.0,Family,2.61,3.77,79000
Female,25,6.0,Online,6.0,80.0,Family,1.61,2.81,80000
Male,23,1.0,Offline,5.0,100.0,Bachelor,2.89,3.89,80000
Female,20,2.0,Offline,3.0,100.0,Family,1.68,2.71,80000
Male,20,1.0,Offline,3.0,100.0,Bachelor,1.63,2.7,80000
Male,20,2.0,Offline,2.0,95.0,Family,1.56,2.64,80000
Male,20,4.0,Offline,2.0,100.0,Bachelor,2.75,3.8,81000
Male,22,6.0,Offline,3.0,100.0,Family,2.56,3.95,85000
Female,22,2.0,Offline,1.0,100.0,Family,2.56,3.66,86000
Male,24,5.0,Offline,3.0,89.0,Bachelor,1.76,2.89,87000
Male,23,2.0,Offline,3.0,79.0,Bachelor,2.87,3.91,88000
Male,20,3.0,Offline,2.0,50.0,Bachelor,1.56,2.63,88000
Male,21,2.0,Offline,4.0,100.0,Bachelor,2.57,3.88,89000
Female,20,3.0,Offline,1.0,100.0,Bachelor,2.55,3.6,89000
Female,19,5.0,Offline,4.0,100.0,Family,2.56,3.89,89000
Male,24,6.0,Online,2.0,100.0,Family,2.87,3.94,90000
Female,24,1.0,Offline,5.0,100.0,Bachelor,2.48,3.78,90000
Male,24,1.0,Offline,10.0,90.0,Bachelor,1.35,2.65,90000
Male,22,5.0,Online,8.0,100.0,Family,1.56,2.98,90000
Female,20,4.0,Offline,4.0,65.0,Family,1.66,2.45,90000
Male,20,2.0,Offline,3.0,100.0,Family,1.86,2.91,93000
Female,19,4.0,Offline,3.0,100.0,Bachelor,2.77,3.83,95000
Female,21,1.0,Offline,3.0,53.0,Bachelor,2.81,3.9,95000
Female,21,2.0,Offline,3.0,100.0,Family,2.75,3.81,96000
Male,25,5.0,Offline,3.0,67.0,Bachelor,1.56,2.63,97000
Male,23,2.0,Offline,6.0,100.0,Family,2.91,3.98,97000
Male,21,2.0,Offline,2.0,54.0,Family,1.54,2.63,97000
Female,22,8.0,Online,10.0,70.0,Family,2.9,3.88,100000
Male,21,3.0,Offline,3.0,56.0,Family,2.67,3.75,100000
Male,20,4.0,Online,5.0,100.0,Family,2.33,3.45,100000
Female,24,3.0,Offline,3.0,68.0,Bachelor,2.76,3.56,110000
Male,21,5.0,Online,9.0,60.0,Bachelor,1.23,2.76,110000
Female,22,2.0,Online,3.0,55.0,Family,2.35,3.48,116000
Male,22,4.0,Offline,3.0,76.0,Family,1.34,2.48,117000
Female,25,6.0,Offline,3.0,90.0,Family,2.07,3.12,119000
Male,20,4.0,Online,2.0,100.0,Bachelor,2.56,3.6,120000
Female,21,3.0,Offline,2.0,63.0,Family,1.77,2.8,120000
Female,20,3.0,Offline,3.0,66.0,Bachelor,2.67,3.77,120000
Female,22,2.0,Offline,3.0,100.0,Bachelor,1.86,2.93,121000
Male,20,1.0,Offline,3.0,100.0,Bachelor,1.87,2.94,121000
Male,20,2.0,Online,9.0,80.0,Family,1.22,2.78,130000
Female,21,3.0,Offline,2.0,100.0,Bachelor,1.4,2.54,130000
Female,20,3.0,Online,1.0,100.0,Family,1.78,2.83,135000
Male,20,4.0,Offline,3.0,78.0,Family,1.77,2.85,136000
Male,22,5.0,Offline,5.0,100.0,Family,2.55,3.66,137000
Male,20,1.0,Offline,2.0,100.0,Bachelor,2.65,3.88,140000
Female,25,5.0,Offline,3.0,35.0,Bachelor,2.81,3.9,144000
Female,20,2.0,Offline,3.0,100.0,Family,2.34,3.44,167000
Male,20,2.0,Offline,3.0,87.0,Family,2.35,3.43,170000
Female,20,1.0,Online,2.0,46.0,Bachelor,2.65,3.77,180000
Male,23,4.0,Offline,4.0,100.0,Bachelor,2.5,2.22,200000
Male,22,3.0,Offline,2.0,100.0,Family,1.56,2.78,200000
Female,25,5.0,Offline,3.0,100.0,Bachelor,1.4,2.52,210000
Female,23,3.0,Online,5.0,100.0,Bachelor,1.34,2.88,250000
